{"cameraMode":{"drawMode":0,"name":"Shaded","section":"Shading Mode"},"sceneLighting":true,"audioPlay":false,"sceneViewState":{"showFog":true,"showMaterialUpdate":false,"showSkybox":true,"showFlares":true,"showImageEffects":true,"showParticleSystems":true},"in2DMode":false,"pivot":{"x":2.0081117153167726,"y":1.4950230121612549,"z":-0.6416946649551392},"rotation":{"x":-0.006001636385917664,"y":0.8434422016143799,"z":0.010753140784800053,"w":0.5376600027084351},"size":1.5732216835021973,"orthographic":false}