{"cameraMode":{"drawMode":0,"name":"Shaded","section":"Shading Mode"},"sceneLighting":true,"audioPlay":false,"sceneViewState":{"showFog":false,"showMaterialUpdate":false,"showSkybox":false,"showFlares":false,"showImageEffects":false,"showParticleSystems":false},"in2DMode":false,"pivot":{"x":2.272320508956909,"y":3.119379997253418,"z":-0.2566697299480438},"rotation":{"x":0.0018546528881415725,"y":-0.9800097346305847,"z":0.009122427552938462,"w":0.19876666367053986},"size":3.76408314704895,"orthographic":false}